date,total,1号线,2号线,3号线,4号线,5号线,6号线,7号线,10号线,S1号线,S2号线,S3号线,S6号线,S7号线,S8号线,S9号线
2026-10-09,350.5400000000001,67.16,61.33,52.36,19.26,36.66,19.99,30.74,19.62,10.6,4.06,9.5,5.49,1.5,10.17,2.1
2026-10-08,354.31999999999994,68.03,60.84,53.21,19.04,36.19,20.46,31.01,19.7,11.9,4.13,9.89,5.61,1.56,10.29,2.46
2026-10-07,352.6599999999999,69.63,60.26,50.99,15.91,35.72,24.48,24.34,14.96,15.57,5.7,9.74,6.58,1.94,11.33,5.51
2026-10-07,352.6599999999999,69.63,60.26,50.99,15.91,35.72,24.48,24.34,14.96,15.57,5.7,9.74,6.58,1.94,11.33,5.51
2026-10-06,389.7,76.12,70.99,56.56,18.55,43.4,27.24,26.34,15.81,12.76,6.71,8.79,10.26,1.68,10.76,3.73
2026-10-05,433.42999999999984,84.24,80.76,64.42,20.51,51.72,30.15,27.83,16.42,13.03,8.09,8.8,10.96,1.89,11.15,3.46
2026-10-04,443.05999999999995,86.1,83.35,69.03,20.12,54.1,31.24,26.77,18.14,12.81,7.83,8.54,9.58,1.77,10.62,3.06
2026-10-03,382.8300000000001,75.2,73.9,60.34,16.69,49.46,25.54,21.33,14.43,10.99,5.34,7.43,9.48,1.48,8.79,2.43
2026-10-02,430.7300000000001,83.41,81.65,69.6,19.3,53.43,30.91,25.09,16.03,12.16,6.41,8.25,9.18,1.73,10.85,2.73
